,File_ID,Version,Time_Stamp
0,file_1079,1,2024-08-05 18:06:19.603958
1,file_118,1,2024-08-05 18:06:20.064236
2,file_1195,1,2024-08-05 18:06:20.117489
3,file_1282,1,2024-08-05 18:06:20.390937
4,file_1372,1,2024-08-05 18:06:20.571026
5,file_1447,1,2024-08-05 18:06:20.968348
6,file_1590,1,2024-08-05 18:06:21.341355
7,file_1723,1,2024-08-05 18:06:21.835049
8,file_1913,1,2024-08-05 18:06:22.354745
9,file_2023,1,2024-08-05 18:06:22.611643
10,file_2071,1,2024-08-05 18:06:22.815826
11,file_2125,1,2024-08-05 18:06:22.940856
12,file_2293,1,2024-08-05 18:06:23.326032
13,file_2693,1,2024-08-05 18:06:24.640964
14,file_3035,1,2024-08-05 18:06:25.791515
15,file_3094,1,2024-08-05 18:06:25.921191
16,file_3145,1,2024-08-05 18:06:26.026308
17,file_3184,1,2024-08-05 18:06:26.120991
18,file_3235,1,2024-08-05 18:06:26.245894
19,file_3270,1,2024-08-05 18:06:26.471169
20,file_3464,1,2024-08-05 18:06:27.201338
21,file_3494,1,2024-08-05 18:06:27.270422
22,file_3586,1,2024-08-05 18:06:27.475969
23,file_3593,1,2024-08-05 18:06:27.496148
24,file_3678,1,2024-08-05 18:06:27.737148
25,file_3742,1,2024-08-05 18:06:27.998059
26,file_4072,1,2024-08-05 18:06:29.220972
27,file_4089,1,2024-08-05 18:06:29.260959
28,file_4146,1,2024-08-05 18:06:29.571215
29,file_4150,1,2024-08-05 18:06:29.586040
30,file_4250,1,2024-08-05 18:06:30.131418
31,file_4474,1,2024-08-05 18:06:30.840867
32,file_4684,1,2024-08-05 18:06:31.660869
33,file_4714,1,2024-08-05 18:06:31.730877
34,file_4739,1,2024-08-05 18:06:31.781170
35,file_4986,1,2024-08-05 18:06:32.491094
36,file_4992,1,2024-08-05 18:06:32.511051
37,file_5022,1,2024-08-05 18:06:32.696003
38,file_5027,1,2024-08-05 18:06:32.744646
39,file_505,1,2024-08-05 18:06:32.841322
40,file_5287,1,2024-08-05 18:06:33.881313
41,file_5340,1,2024-08-05 18:06:34.125870
42,file_5414,1,2024-08-05 18:06:34.361051
43,file_5683,1,2024-08-05 18:06:35.351370
44,file_5719,1,2024-08-05 18:06:35.431193
45,file_5746,1,2024-08-05 18:06:35.486215
46,file_5779,1,2024-08-05 18:06:35.556050
47,file_5909,1,2024-08-05 18:06:35.930080
48,file_6156,1,2024-08-05 18:06:37.064786
49,file_6185,1,2024-08-05 18:06:37.167429
50,file_6190,1,2024-08-05 18:06:37.181279
51,file_6212,1,2024-08-05 18:06:37.290826
52,file_6491,1,2024-08-05 18:06:38.351233
53,file_6538,1,2024-08-05 18:06:38.466577
54,file_6569,1,2024-08-05 18:06:38.591323
55,file_6594,1,2024-08-05 18:06:38.654435
56,file_6641,1,2024-08-05 18:06:38.771384
57,file_6667,1,2024-08-05 18:06:38.831371
58,file_6726,1,2024-08-05 18:06:38.981122
59,file_6740,1,2024-08-05 18:06:39.196121
60,file_6877,1,2024-08-05 18:06:40.335779
61,file_688,1,2024-08-05 18:06:40.346119
62,file_6918,1,2024-08-05 18:06:40.426352
63,file_7065,1,2024-08-05 18:06:40.746254
64,file_707,1,2024-08-05 18:06:40.755886
65,file_71,1,2024-08-05 18:06:40.825920
66,file_7234,1,2024-08-05 18:06:41.160927
67,file_7297,1,2024-08-05 18:06:41.317137
68,file_7414,1,2024-08-05 18:06:41.612593
69,file_7460,1,2024-08-05 18:06:41.751347
70,file_7529,1,2024-08-05 18:06:41.907677
71,file_7561,1,2024-08-05 18:06:42.010234
72,file_772,1,2024-08-05 18:06:42.635233
73,file_784,1,2024-08-05 18:06:42.981831
74,file_786,1,2024-08-05 18:06:43.053362
75,file_7940,1,2024-08-05 18:06:43.266336
76,file_7957,1,2024-08-05 18:06:43.301263
77,file_7989,1,2024-08-05 18:06:43.380968
78,file_8008,1,2024-08-05 18:06:43.431233
79,file_8109,1,2024-08-05 18:06:43.871611
80,file_8132,1,2024-08-05 18:06:43.927404
81,file_8212,1,2024-08-05 18:06:44.482972
82,file_8299,1,2024-08-05 18:06:44.932839
83,file_8329,1,2024-08-05 18:06:45.159766
84,file_8367,1,2024-08-05 18:06:45.376738
85,file_8390,1,2024-08-05 18:06:45.440731
86,file_8526,1,2024-08-05 18:06:46.597967
87,file_8549,1,2024-08-05 18:06:46.698661
88,file_8550,1,2024-08-05 18:06:46.715995
89,file_8618,1,2024-08-05 18:06:46.957982
90,file_8643,1,2024-08-05 18:06:47.021188
91,file_8684,1,2024-08-05 18:06:47.111088
92,file_8718,1,2024-08-05 18:06:47.292235
93,file_8728,1,2024-08-05 18:06:47.396557
94,file_8911,1,2024-08-05 18:06:48.302704
95,file_9035,1,2024-08-05 18:06:48.628405
96,file_9497,1,2024-08-05 18:06:50.100689
97,file_9546,1,2024-08-05 18:06:50.210880
98,file_9762,1,2024-08-05 18:06:51.108328
99,file_9933,1,2024-08-05 18:06:51.641265
